,predicton,probobility,customer_id
0,0,0.1935057800894972,4531-AUZNK
1,0,0.0795969425210049,2296-DKZFP
2,1,0.5296486964768939,9692-TUSXH
3,0,0.4054548673094995,5129-JLPIS
4,1,0.7189849101436475,1273-MTETI
5,0,0.4685014654764288,8757-TFHHJ
6,0,0.19011445145245362,1322-AGOQM
7,0,0.12025462286153892,0743-HRVFF
8,0,0.3397929394045301,0943-ZQPXH
9,1,0.5198514288155114,3932-CMDTD
10,0,0.011375962639405515,6892-BOGQE
11,1,0.514574209523611,0224-HJAPT
12,0,0.4512137744961977,2439-LYPMQ
13,1,0.5326499946509236,7924-GJZFI
14,0,0.2678630210253898,0823-HSCDJ
15,0,0.298101009318562,4826-TZEVA
16,0,0.11508807799914292,5151-HQRDG
17,1,0.5410706026097004,6734-GMPVK
18,1,0.5170925364220195,3951-NJCVI
19,0,0.17031405554702722,0733-VUNUW
20,0,0.1342248259192504,3571-DPYUH
21,0,0.021373696149554734,9824-QCJPK
22,0,0.006903782179001367,7876-DNYAP
23,0,0.2553071849814204,3890-RTCMS
24,1,0.7047973323613504,7594-RQHXR
25,0,0.11462182506999426,3229-USWAR
26,0,0.10665010947063465,5995-LFTLE
27,0,0.3975238942157311,1456-TWCGB
28,0,0.008034573669085596,1552-TKMXS
29,1,0.6578224917371815,3276-HDUEG
30,1,0.5498081563878486,0302-JOIVN
31,0,0.1261931746586508,2830-LEWOA
32,0,0.2622122443874748,5649-TJHOV
33,0,0.2631771020104907,5886-VLQVU
34,0,0.04414659668278449,1395-WSWXR
35,0,0.43976756890712687,6518-LGAOV
36,1,0.5946262549574811,4514-GFCFI
37,0,0.4395167093180069,1635-FJFCC
38,0,0.24782764177264613,7611-YKYTC
39,0,0.10524936797798161,5829-NVSQN
40,0,0.02157624145488432,0394-YONDK
41,0,0.2672679415126125,0991-BRRFB
42,0,0.03212127482594613,5980-BDHPY
43,0,0.025763868535585786,8249-THVEC
44,0,0.09209127549121025,5039-LZRQT
45,0,0.21277968601111502,9115-YQHGA
46,0,0.04671782801725304,8174-LNWMW
47,0,0.0949868880874656,5038-ETMLM
48,0,0.28441801541375916,6815-ABQFQ
49,1,0.6981831341649242,8086-OVPWV
50,0,0.011343045905664963,5451-MHQOF
51,0,0.08879475611411956,1991-VOPLL
52,0,0.04433579156543264,6725-TPKJO
53,0,0.11216397304170664,8879-ZKJOF
54,0,0.19499940904888213,3597-YASZG
55,0,0.20056755078677763,2969-WGHQO
56,0,0.2231270454525286,8006-PYCSW
57,0,0.09235292946812851,3347-YJZZE
58,0,0.19537848755097617,1696-MZVAU
59,1,0.5447292170818376,5931-FLJJF
60,1,0.5766938863222668,3440-JPSCL
61,0,0.14584475724793627,7923-IYJWY
62,0,0.3486024963657773,8718-PTMEZ
63,1,0.557937993089141,0067-DKWBL
64,0,0.06791744147361413,6625-IUTTT
65,0,0.483874503703665,8637-XJIVR
66,0,0.02035967096054998,2509-TFPJU
67,0,0.012658405891901592,0464-WJTKO
68,0,0.08085156618460906,8292-FRFZQ
69,0,0.43155445168973783,6844-DZKRF
70,1,0.5473240807137228,3249-ZPQRG
71,0,0.3442632891653392,7580-UGXNC
72,0,0.03977415298495343,3050-RLLXC
73,1,0.617759204230347,0581-BXBUB
74,0,0.2934549683017896,8552-OBVRU
75,0,0.09337169427832674,2388-LAESQ
76,0,0.07766813270760835,4488-PSYCG
77,1,0.5981462446444369,9436-ZBZCT
78,1,0.6308685445086442,2074-GKOWZ
79,0,0.35613134959193793,9753-OYLBX
80,0,0.39675441799006916,3055-MJDSB
81,0,0.04862974282200943,5781-RFZRP
82,0,0.30444036988321665,9761-XUJWD
83,0,0.30215687014096004,0118-JPNOY
84,0,0.004051048662226837,8874-EJNSR
85,1,0.6876224813288324,2867-UIMSS
86,0,0.014596451290346122,9975-GPKZU
87,1,0.5585178740499797,6100-QQHEB
88,0,0.3490478991895751,2896-TBNBE
89,0,0.08721000602121469,7359-WWYJV
90,0,0.38152952690072445,6646-JPPHA
91,1,0.7620414918364443,5550-VFRLC
92,1,0.7357558260318972,2202-CUYXZ
93,1,0.535987228133212,8035-PWSEV
94,0,0.489287139184662,3703-KBKZP
95,1,0.5748810785058187,5599-HVLTW
96,0,0.13998665565599952,5382-TEMLV
97,0,0.1669540935868055,6339-TBELP
98,0,0.2768089554456879,7207-RMRDB
99,0,0.2240409562178532,2469-DTSGX
100,0,0.07257642855485975,3704-IEAXF
101,0,0.0389833142138947,6368-TZZDT
102,0,0.32613159636765177,7129-AZJDE
103,0,0.03870989202515815,6407-GSJNL
104,0,0.09464777383427789,9150-HEPMB
105,0,0.05587468700870572,1506-YJTYT
106,0,0.16458481282739917,7134-HBPBS
107,0,0.016041090832728706,3635-QQRQD
108,0,0.2670641664128967,6549-NNDYT
109,1,0.544727149611769,9796-BPKIW
110,0,0.29737964806407446,8069-YQQAJ
111,1,0.6627567707801653,8242-SOQUO
112,0,0.042876821488609995,3308-DGHKL
113,1,0.7562555236489454,8740-CRYFY
114,0,0.12059830189548734,8109-YUOHE
115,0,0.3391417703801281,3976-NLDEZ
116,0,0.012681756964253187,6248-BSHKG
117,0,0.01941011146078398,3970-XGJDU
118,0,0.30738889460865865,0634-SZPQA
119,0,0.0531861081365373,2589-AYCRP
120,0,0.2212019530201059,3800-LYTRK
121,0,0.008812247569538311,6563-VRERX
122,0,0.0966771713482792,9938-ZREHM
123,0,0.14602776029119208,2220-IAHLS
124,0,0.292475753528798,8979-CAMGB
125,0,0.03588765125883038,0270-THENM
126,1,0.6926839400554852,9611-CTWIH
127,0,0.42069754255364317,8885-QSQBX
128,0,0.09947783420265813,9030-QGZNL
129,0,0.2795198210465507,2810-FTLEM
130,1,0.7089039367834512,6350-XFYGW
131,0,0.13700746607454325,6993-YGFJV
132,0,0.4061418136149013,4097-YODCF
133,0,0.4339845668076425,0376-OIWME
134,1,0.5289303123419815,5022-JNQEQ
135,0,0.44105682038870375,5515-AKOAJ
136,1,0.5236802002175963,6956-SMUCM
137,0,0.4770389419070971,5103-MHMHY
138,0,0.2499869438955736,9391-DXGGG
139,0,0.1539051967945898,7519-JTWQH
140,0,0.20191175244867626,6131-FOYAS
141,1,0.7164285410906723,9681-OXGVC
142,1,0.7517806671791805,1977-STDKI
143,0,0.260135837566487,7302-ZHMHP
144,1,0.5935884507802158,0661-XEYAN
145,0,0.08681879017943653,6007-TCTST
146,0,0.04414659668278449,1682-VCOIO
147,1,0.6155498598742498,2454-RPBRZ
148,1,0.5298515580000748,8710-YGLWG
149,0,0.22562097657428398,0742-LAFQK
150,0,0.005542308147841021,7064-JHXCE
151,0,0.37285929485746416,8242-JSVBO
152,0,0.4573845395148425,1471-GIQKQ
153,0,0.11122992361371052,6778-EICRF
154,0,0.1055565961779491,1360-XFJMR
155,0,0.08302581429379048,5702-KVQRD
156,0,0.10873628890374304,7602-MVRMB
157,1,0.6303995133923597,0236-HFWSV
158,0,0.2874203867189777,0880-FVFWF
159,0,0.1531858966671181,9052-DHNKM
160,0,0.06944579642972834,6121-TNHBO
161,0,0.35757133297084964,4693-VWVBO
162,0,0.4996500153210829,1565-RHDJD
163,0,0.12124401366316097,0696-UKTOX
164,0,0.2626770291023701,8267-KFGYD
165,0,0.006017775788792942,2632-TACXW
166,0,0.010806645301581803,1744-JHKYS
167,0,0.3777912411974729,0578-SKVMF
168,0,0.4645874543261844,0670-KDOMA
169,0,0.266275290533597,8065-BVEPF
170,0,0.12754637029225557,3301-VKTGC
171,1,0.7363474630624203,7660-HDPJV
172,0,0.1810716649010549,2843-CQMEG
173,0,0.04783299361808439,6870-ZWMNX
174,0,0.016692808578879437,1403-LKLIK
175,1,0.6841628987079449,2446-BEGGB
176,0,0.0357802588217621,6164-HAQTX
177,1,0.6539363719306245,3387-VATUS
178,0,0.12444300180392416,3407-JMJQQ
179,0,0.13017657674429386,3580-HYCSP
180,0,0.3768817781298378,5453-AXEPF
181,1,0.6082118823333843,4132-KALRO
182,0,0.028961775781198094,6506-EYCNH
183,1,0.5033521685176177,6400-BWQKW
184,0,0.06177000853926031,6916-HIJSE
185,0,0.0480803481695404,5186-PEIZU
186,0,0.046052752983837306,6048-NJXHX
187,0,0.07052488538874438,6134-KWTBV
188,0,0.10186432532233773,6289-CPNLD
189,0,0.3267773807444275,5312-UXESG
190,1,0.7562555236489454,2514-GINMM
191,0,0.1900167212430887,2580-ASVVY
192,0,0.18391391057750162,6416-JNVRK
193,0,0.09188595763376975,3739-YBWAB
194,0,0.26116054633847985,6917-YACBP
195,0,0.3303992264907229,8614-VGMMV
196,0,0.07491120921537686,5181-OABFK
197,0,0.06314951018377674,2977-CEBSX
198,1,0.6837967526624434,1624-NALOJ
199,0,0.07948857926237869,5495-GPSRW
200,0,0.2351512272941335,6303-KFWSL
201,0,0.38045856436308184,5624-BQSSA
202,0,0.0930124264217401,6681-ZSEXG
203,1,0.6250831427482795,9185-TQCVP
204,1,0.548099427297641,8272-ONJLV
205,1,0.5265118790758211,3398-ZOUAA
206,0,0.06107304507201062,9140-CZQZZ
207,0,0.04129612243784144,6418-PIQSP
208,0,0.40968505159167845,9637-EIHEQ
209,0,0.030692004305199565,9953-ZMKSM
210,0,0.06849133656736424,9830-ECLEN
211,0,0.491818702568421,9058-CBREO
212,0,0.08244046857282195,5321-NTRKC
213,0,0.1448111753397972,4654-DLAMQ
214,0,0.2958619638269568,4673-KKSLS
215,1,0.7346387747129173,1031-IIDEO
216,0,0.053329121239823654,3512-IZIKN
217,1,0.598635721854115,4439-JMPMT
218,1,0.5163899805560845,0027-KWYKW
219,0,0.06510708008578421,4291-YZODP
220,0,0.27461558619363535,0212-ISBBF
221,0,0.30504251673864174,3014-WJKSM
222,0,0.3936815110674787,0411-EZJZE
223,0,0.08086827003406434,6698-OXETB
224,0,0.17503693343957527,0193-ESZXP
225,0,0.12267526166329171,6202-JVYEU
226,0,0.23276924233459584,1848-LBZHY
227,1,0.6929368646829923,8161-QYMTT
228,0,0.205712179031023,0454-OKRCT
229,0,0.019834857967058937,1215-EXRMO
230,0,0.21265930639451888,0931-MHTEM
231,0,0.1911499599393092,5985-BEHZK
232,0,0.2619074131335643,9921-EZKBY
233,0,0.008812247569538311,4878-BUNFV
234,0,0.2588495531277644,4811-JBUVU
235,0,0.4821755969874653,5673-FSSMF
236,1,0.5659321659404948,4301-VVZKA
237,0,0.3432454607159686,4828-FAZPK
238,0,0.04500335308668544,6000-UKLWI
239,0,0.12367228758406094,7395-XWZOY
240,0,0.370459180098735,6380-ARCEH
241,0,0.26844483359438603,3729-OWRVL
242,1,0.6543370045096734,2856-HYAPG
243,0,0.2537603829818156,7856-GANIL
244,0,0.3088328100720462,4459-BBGHE
245,0,0.06631154913883339,9661-JALZV
246,0,0.11288596082114695,7753-USQYQ
247,0,0.05255397677108618,1015-JPFYW
248,0,0.07451801515269266,7665-NKLAV
249,0,0.44504861794560624,9053-EJUNL
250,0,0.03537712016738128,5117-ZSMHQ
251,0,0.08282946479333735,0117-LFRMW
252,1,0.5025463021915787,9389-ACWBI
253,0,0.43640611277689223,6946-LMSQS
254,0,0.24838984150415455,1725-MIMXW
255,0,0.0046507491625402755,3996-ZNWYK
256,0,0.25083751291176226,0899-WZRSD
257,0,0.048789893498549376,8815-LMFLX
258,0,0.07693052518229608,0699-NDKJM
259,1,0.5534635665244637,2424-WVHPL
260,0,0.21742821712294866,6797-LNAQX
261,0,0.3559833022809159,2043-WVTQJ
262,0,0.2707567316138103,4057-FKCZK
263,0,0.01933350385298468,8512-WIWYV
264,0,0.10931163168949315,5135-GRQJV
265,1,0.7332149403778121,5597-GLBUC
266,0,0.17958351532075692,7997-EASSD
267,0,0.01006056358964371,4785-FCIFB
268,0,0.042971474916372744,1755-FZQEC
269,0,0.4895272851171292,5364-XYIRR
270,0,0.3300138118581131,7572-KPVKK
271,0,0.009459913458001375,5115-SQAAU
272,0,0.01980285594835183,6147-CBCRA
273,0,0.36147416405782756,3692-JHONH
274,0,0.0492848297263682,1088-CNNKB
275,0,0.08681879017943653,3810-DVDQQ
276,1,0.5685617477760632,7831-QGOXH
277,0,0.08080560329268781,3474-BAFSJ
278,0,0.2015631628931879,3842-IYKUE
279,1,0.5038315614584739,8519-QJGJD
280,1,0.6431119871598006,9747-DDZOS
281,0,0.07018288442739909,4106-HADHQ
282,0,0.06611500171932094,0017-IUDMW
283,1,0.5941191158639884,4763-PGDPO
284,0,0.23680479874554072,8751-EDEKA
285,0,0.2779167168571807,3104-OWCGK
286,0,0.35981193917311005,3148-BLQJT
287,1,0.5607575147261867,2815-CPTUL
288,0,0.24710512208719668,5073-WXOYN
289,0,0.3231569098687705,4760-THGOT
290,0,0.10479241654855893,2724-FJDYW
291,0,0.036794524723471465,7639-OPLNG
292,0,0.09988970905690536,3298-QEICA
293,0,0.10945247773174058,9362-MWODR
294,0,0.015193383987832203,7446-SFAOA
295,0,0.03652372384555737,4737-AQCPU
296,0,0.10473990867035049,9522-ZSINC
297,0,0.07499242405551726,3745-HRPHI
298,0,0.24653468772311718,2669-QVCRG
299,0,0.13839969131076885,0980-FEXWF
300,0,0.030496680352112546,6701-YVNQG
301,0,0.058888717710058235,1177-XZBJL
302,0,0.1004258317646751,7771-CFQRQ
303,0,0.2736048983993358,2252-JHJGE
304,0,0.08468808071899543,0661-KBKPA
305,0,0.08736243384638373,8851-RAGOV
306,0,0.09349973152873745,6979-TNDEU
307,0,0.01408173956538586,2072-ZVJJX
308,0,0.009412547880092636,1222-KJNZD
309,0,0.048204070632046764,9372-TXXPS
310,0,0.0800814084713328,5982-PSMKW
311,0,0.39353753996754803,2495-KZNFB
312,0,0.4499758614838433,0207-MDKNV
313,0,0.1270754433472126,1346-PJWTK
314,0,0.10932552879161932,3758-CKOQL
315,0,0.1700794096668157,6959-GQEGV
316,0,0.37930392072461394,2604-IJPDU
317,0,0.17722126519251002,6174-NRBTZ
318,0,0.04248973926103556,6323-AYBRX
319,0,0.012842831360246361,0048-PIHNL
320,0,0.17090330209913973,7811-JIVPF
321,1,0.501761722438452,7729-JTEEC
322,0,0.008671594187973688,5846-ABOBJ
323,1,0.5792409302218605,9221-OTIVJ
324,0,0.12783963701311868,2889-FPWRM
325,0,0.09957842816800618,7945-HLKEA
326,0,0.09702845986035197,9367-TCUYN
327,0,0.2872483624867233,2277-BKJKN
328,0,0.11971441851405311,7633-MVPUY
329,1,0.5150861454186684,4315-MURBD
330,0,0.32622984115611403,0734-OXWBT
331,0,0.40749016207516237,8714-EUHJO
332,1,0.5040764001980529,0818-OCPZO
333,1,0.7522565423240485,0021-IKXGC
334,0,0.18272677333130175,8383-SGHJU
335,1,0.5556606950086688,6347-DCUIK
336,1,0.5001239360259861,1976-CFOCS
337,1,0.6223727367417535,4854-CIDCF
338,0,0.06780330988267855,9127-QRZMH
339,1,0.5548218154931398,1196-AMORA
340,0,0.2862870086568462,6713-OKOMC
341,0,0.23459738042552838,9820-RMCQV
342,0,0.007199359065657782,5902-WBLSE
343,1,0.6834285754855945,7563-BIUPC
344,0,0.18811296668508354,7683-CBDKJ
345,0,0.10332640795977642,6522-OIQSX
346,1,0.5478983432330166,0388-EOPEX
347,0,0.07685547898368938,7921-BEPCI
348,0,0.04349117277673854,8859-DZTGQ
349,0,0.30112250322353007,3683-QKIUE
350,0,0.14401700631415512,2144-ESWKO
351,0,0.052840535742031645,5057-RKGLH
352,0,0.33174890097361176,2692-PFYTJ
353,0,0.08900656374667115,3021-VLNRJ
354,0,0.0485873311283604,1045-LTCYT
355,0,0.053862393783458466,7401-JIXNM
356,1,0.5905211017138792,2657-VPXTA
357,0,0.4931193115897717,5022-KVDQT
358,0,0.23929330642274751,2305-MRGLV
359,0,0.1581824743888671,3865-YIOTT
360,0,0.11172110746380955,9577-WJVCQ
361,0,0.09688765921786292,3847-BAERP
362,0,0.09761821984484134,4032-RMHCI
363,0,0.33684995857628214,7658-UYUQS
364,0,0.4674732691796199,9274-UARKJ
365,0,0.04362298212472808,0847-HGRML
366,0,0.49581583343246594,6078-VESFR
367,1,0.5155625024479586,4223-WOZCM
368,0,0.08920968269128787,0942-KOWSM
369,0,0.2959415381347181,7789-HKSBS
370,0,0.19809016102068253,9432-RUVSL
371,1,0.5516388121982699,3644-QXEHN
372,0,0.22111557213843047,4683-WYDOU
373,1,0.6358219539412646,0925-VYDLG
374,0,0.3948249163254808,2960-NKRSO
375,0,0.18495728654206606,2639-UGMAZ
376,0,0.20397841811046427,2898-LSJGD
377,0,0.47526796077707173,2884-GBPFB
378,0,0.4869083818284459,4659-NZRUF
379,0,0.3108204644870431,0867-LDTTC
380,0,0.09262785655452296,7781-EWARA
381,1,0.7048474118112231,4822-RVYBB
382,0,0.005542308147841021,9800-OUIGR
383,0,0.06537119905868362,3533-UVMOM
384,0,0.028859049190057474,8457-XIGKN
385,0,0.05234466927789657,2990-OGYTD
386,0,0.16656778515677487,5203-XEHAX
387,0,0.04152723498911388,8295-KMENE
388,1,0.5653951694052082,8720-RQSBJ
389,1,0.6979484322724483,9799-CAYJJ
390,0,0.2722655525708649,3717-OFRTN
391,1,0.7388033428086729,2868-MZAGQ
392,0,0.11508112529274488,8606-OEGQZ
393,0,0.02819816113409584,9065-ZCPQX
394,1,0.5045193860044366,4587-NUKOX
395,0,0.4142018044270968,8985-OOPOS
396,0,0.32959740472485227,7636-OWBPG
397,0,0.09199191263242681,5825-XJOCM
398,0,0.35358296169502895,4183-WCSEP
399,0,0.030091240616846315,5275-PMFUT
400,1,0.5061920177923119,1751-NCDLI
401,0,0.11649080804064332,6693-DJWTY
402,0,0.09262506937247565,4002-BQWPQ
403,0,0.1837305100912411,6954-OOYZZ
404,0,0.0948234749691403,9039-RBEEE
405,0,0.0921359852748144,5170-PTRKA
406,0,0.34783296982421213,7346-MEDWM
407,1,0.5429695472551619,5233-GEEAX
408,0,0.31500722013780597,3511-APPBJ
409,0,0.1990823252047372,7143-BQIBA
410,0,0.16981242731176308,2967-MXRAV
411,0,0.15432550205241735,7473-ZBDSN
412,1,0.5274171644804084,0265-EDXBD
413,0,0.09938509614893258,1386-ZIKUV
414,0,0.3324727807322779,0420-BWTPW
415,0,0.1255742291486714,1009-IRMNA
416,0,0.046622457015402935,3938-YFPXD
417,0,0.07269476081532995,3727-OWVYD
418,1,0.5884846238015627,5937-EORGB
419,0,0.10079986203411183,2791-SFVEW
420,0,0.21025324845301532,0980-PVMRC
421,0,0.11406697718698909,3648-GZPHF
422,0,0.09908118680201973,9677-AVKED
423,0,0.14356123019421324,1576-PFZIW
424,0,0.419973575187649,9462-MJUAW
425,1,0.5578671404779824,7511-YMXVQ
426,0,0.32610167616441915,7128-GGCNO
427,0,0.16171934040048355,7492-TAFJD
428,0,0.12885017899676104,8901-UPRHR
429,0,0.00905245499880192,5044-XDPYX
430,1,0.6070341834926175,1010-DIAUQ
431,1,0.6603947521026341,2691-NZETQ
432,1,0.5337565967305986,7586-ZATGZ
433,0,0.1171385878507958,1810-MVMAI
434,0,0.48173155521054734,7296-PIXQY
435,1,0.6288456349779487,9985-MWVIX
436,1,0.5349544362131823,7028-DVOIQ
437,0,0.06565811768831933,0420-TXVSG
438,0,0.05297648122208938,6953-PBDIN
439,0,0.1160187674449673,1090-ESELR
440,1,0.5256051056835624,8903-XEBGX
441,0,0.10610131210553547,9541-PWTWO
442,0,0.17917058721542195,1099-BTKWT
443,0,0.2868099000183558,8807-ARQET
444,0,0.30833876928765336,0673-IGUQO
445,1,0.6414630605419086,0709-TVGUR
446,0,0.3930397405806776,9269-CQOOL
447,0,0.31264864492215305,7798-JVXYM
448,0,0.0684002096359026,7524-VRLPL
449,0,0.06878730358821984,8752-IMQOS
450,0,0.31088512383333317,0048-LUMLS
451,0,0.4132084845147041,6410-LEFEN
452,0,0.3196254101008944,5149-TGWDZ
453,0,0.29055870910408294,5514-YQENT
454,1,0.5419592715492043,3063-QFSZL
455,0,0.02658185892778739,4458-KVRBJ
456,0,0.06426343234365388,6631-HMANX
457,0,0.48470876822797365,3069-SSVSN
458,0,0.24285769194023818,4366-CTOUZ
459,0,0.4608104473600999,4685-ERGHK
460,0,0.1075078845518642,5756-OZRIO
461,0,0.22375338983314294,3845-JHAMY
462,1,0.5871203009510065,5935-FCCNB
463,0,0.20854625144183125,3468-DRVQJ
464,0,0.3095176702171781,3583-KRKMD
465,0,0.21567800839060983,2419-FSORS
466,0,0.44533430407269514,1357-BIJKI
467,1,0.6080528543333845,4480-QQRHC
468,1,0.5688631173893813,1589-AGTLK
469,0,0.45153733189283707,9631-XEYKE
470,1,0.6659021629452454,7503-ZGUZJ
471,0,0.021347898810475895,3452-FLHYD
472,0,0.42307523853779744,5219-YIPTK
473,0,0.14338705860150633,5951-AOFIH
474,0,0.022920121674318367,3774-VBNXY
475,0,0.14453850193316298,8348-JLBUG
476,1,0.5316198096349893,0396-YCHWO
477,0,0.3260563826846639,5419-JKZNQ
478,1,0.6571116760534941,8808-ELEHO
479,0,0.04919682678711113,4950-HKQTE
480,0,0.15503612590644741,6933-FHBZC
481,1,0.5016015170950706,3165-HDOEW
482,0,0.23393439034777105,9097-ZUBYC
483,0,0.33286874066448163,1482-OXZSY
484,0,0.0075699497611279335,8946-BFWSG
485,0,0.333434461976402,4256-ZWTZI
486,0,0.2404083486166018,4393-OBCRR
487,0,0.10209273118979353,0074-HDKDG
488,0,0.26656468992808546,0468-YRPXN
489,0,0.02368629571870001,7010-ZMVBF
490,1,0.6864786822981601,5835-BEQEU
491,0,0.06624048591997403,9755-JHNMN
492,0,0.09897533841550628,8084-OIVBS
493,0,0.46851905503189883,4039-HEUNW
494,0,0.4208980506186528,3446-QDSZF
495,0,0.32656065645493293,9873-MNDKV
496,0,0.07622442534758452,6341-JVQGF
497,0,0.04129879877744635,8859-YSTWS
498,0,0.4970736367279395,1777-JYQPJ
499,1,0.6423982094663551,2688-BHGOG
500,0,0.12029149339922902,7032-LMBHI
501,1,0.5053718219134199,6005-OBZPH
502,0,0.149276977487684,8311-UEUAB
503,0,0.4655156434066218,4959-JOSRX
504,1,0.7057181216462807,4927-WWOOZ
505,0,0.1554955183661462,5334-JLAXU
506,0,0.4166564854789553,6322-PJJDJ
507,0,0.08147483330815981,2682-KEVRP
508,0,0.4480633646721076,6905-NIQIN
509,0,0.022126805336728138,6685-XSHHU
510,0,0.23157016076301873,6993-YCOBK
511,0,0.043492294699504906,3887-PBQAO
512,0,0.12865183908036815,4697-LUPSU
513,0,0.4813889017459357,9465-RWMXL
514,0,0.08165169714523389,3981-QSVQI
515,0,0.04525684084198723,4451-RWASJ
516,0,0.07396060682660782,2256-YLYLP
517,0,0.29084033409039056,9701-CDXHR
518,0,0.28480160692755274,6664-FPDAC
519,0,0.47557210180619947,5351-QESIO
520,0,0.3811195346138036,3258-SANFR
521,1,0.6731765455707591,2968-SSGAA
522,0,0.23825453124054363,1421-HCERK
523,1,0.5474680879088097,7534-BFESC
524,0,0.19219295989872975,1357-MVDOZ
525,0,0.02557697597133589,9548-LERKT
526,1,0.5496491478673771,5244-IRFIH
527,0,0.31839095862719186,7982-VCELR
528,0,0.026839247107882876,5727-MYATE
529,0,0.39380773815832415,7401-RUBNK
530,1,0.6131203600336989,3999-QGRJH
531,1,0.6786308552442704,1853-UDXBW
532,0,0.37797709330575935,7434-SHXLS
533,1,0.5011370891355004,5934-RMPOV
534,0,0.06527782010567025,1488-SYSFC
535,1,0.6334808797432824,8065-YKXKD
536,0,0.026925489937344494,5442-PPTJY
537,1,0.6326937131642086,4236-UJPWO
538,0,0.0887850471301972,5245-VDBUR
539,0,0.22310082860631555,9796-MVYXX
540,0,0.04982297105261214,9507-HSMMZ
541,0,0.22010745352940744,5566-SOEZD
542,0,0.06432031319035511,1498-NHTLT
543,1,0.5166423698906151,9214-EKVXR
544,0,0.4989791877595446,1895-QTKDO
545,1,0.5730086636624132,6519-CFDBX
546,0,0.41522594438449045,0354-WYROK
547,0,0.059627456387379006,1837-YQUCE
548,0,0.08873903746618254,4750-UKWJK
549,0,0.25955317357412105,7766-CLTIC
550,0,0.06694171632001095,9675-ICXCT
551,0,0.12422277580110455,2996-XAUVF
552,0,0.10550865613586295,0906-QVPMS
553,0,0.15715415758080828,7521-YXVZY
554,0,0.19100556684316367,7134-MJPDY
555,0,0.12918086648213203,6075-QMNRR
556,0,0.23561269958817863,0308-GIQJT
557,1,0.5485902640715676,4290-BSXUX
558,0,0.4689597884888982,4851-BQDNX
559,0,0.22320251251374099,7148-XZPHA
560,1,0.6222278800968958,8042-JVNFH
561,0,0.010155111182531986,8237-ULIXL
562,0,0.08769767164609707,9092-GDZKO
563,0,0.23012276011336083,6734-CKRSM
564,0,0.21198066194816087,5919-VCZYM
565,0,0.3642286582136255,4026-SKKHW
566,1,0.6131632013577264,3398-FSHON
567,0,0.09308361476610845,7459-IMVYU
568,0,0.20930888509271392,5921-NGYRH
569,0,0.36028775833738735,8679-LZBMD
570,0,0.06961507892854737,9229-RQABD
571,1,0.5142463672857892,9514-JDSKI
572,0,0.07750702370730701,7838-LAZFO
573,0,0.44003046708436017,6715-OFDBP
574,0,0.3317751054670952,7895-VONWT
575,1,0.6069978691692719,6328-ZPBGN
576,1,0.590446875217977,4631-OACRM
577,0,0.0608541343671214,8573-JGCZW
578,0,0.23863140476303651,5402-HTOTQ
579,0,0.031565491418647104,4962-CHQPW
580,0,0.21903691256228403,0851-DFJKB
581,0,0.12373032943111607,5478-JJVZK
582,0,0.2456277585496138,7470-DYNOE
583,0,0.09092497297691934,4139-JPIAM
584,0,0.2775325323439736,9396-ZSFLL
585,0,0.09970029369337792,8630-QSGXK
586,0,0.04704843362458754,2400-XIWIO
587,0,0.012798377292368678,9650-VBUOG
588,0,0.0075699497611279335,3810-PJUHR
589,1,0.5314077489793178,5956-YHHRX
590,1,0.6259529545813686,8622-ZLFKO
591,0,0.03782090911441314,9531-NSBMR
592,1,0.5489398429106339,9903-LYSAB
593,0,0.23697032110248398,2812-SFXMJ
594,1,0.5012104614667502,8778-LMWTJ
595,0,0.3181755888659408,2673-CXQEU
596,0,0.04660294456019267,6036-TTFYU
597,0,0.04379109734120606,2096-XOTMO
598,0,0.2085228468958635,7905-NJMXS
599,0,0.34260367260175023,6141-OOXUQ
600,0,0.05385938008227602,1093-YSWCA
601,0,0.027065485689721346,4732-RRJZC
602,0,0.08064487423214324,4942-VZZOM
603,0,0.32761684183742396,0750-EBAIU
604,0,0.41031982365458863,4902-OHLSK
605,0,0.03084729119121827,6885-PKOAM
606,0,0.01750066691535696,7941-RCJOW
607,0,0.20721100687479463,9158-VCTQB
608,0,0.4004790948672021,9866-QEVEE
609,0,0.3233174418728077,3946-JEWRQ
610,0,0.2523811008765457,4628-CTTLA
611,1,0.7529468270973354,4912-PIGUY
612,0,0.3117261562186945,8465-SBRXP
613,0,0.0389091110672464,3913-FCUUW
614,0,0.006905827134043594,9170-ARBTB
615,1,0.6963601527210631,1400-MMYXY
616,0,0.4927217594170587,4727-MCYZG
617,0,0.48126177856305846,0376-YMCJC
618,1,0.7144458652185345,9057-SIHCH
619,0,0.41576276029912873,2038-LLMLM
620,0,0.09811602425158121,1930-QPBVZ
621,0,0.18522425550551846,6048-UWKAL
622,1,0.6311293100401305,1184-PJVDB
623,0,0.07853938107077044,6650-BWFRT
624,0,0.3296156204133643,7721-DVEKZ
625,0,0.046537771209157655,8191-XWSZG
626,0,0.20106972885916208,5619-PTMIK
627,0,0.2509523984031816,8158-WPEZG
628,0,0.15059353930680708,9974-JFBHQ
629,0,0.2600716703966711,0870-VEMYL
630,0,0.05019771306940218,7399-QHBJS
631,0,0.06672434656933204,3654-ARMGP
632,0,0.010397037186871407,1468-DEFNC
633,0,0.2434712288383289,6818-WOBHJ
634,0,0.09647393971193889,5546-QUERU
635,0,0.008812247569538311,7717-BICXI
636,0,0.010155111182531986,4836-WNFNO
637,0,0.06393057121533995,5820-PTRYM
638,1,0.5621273838318959,1963-SVUCV
639,0,0.498954171343807,4817-VYYWS
640,0,0.19512391100628762,4939-KYYPY
641,0,0.032564223611072446,9135-MGVPY
642,0,0.11000445398597652,2282-YGNOR
643,0,0.1769166779610388,8292-TYSPY
644,1,0.6443208846753428,7548-SEPYI
645,1,0.5767923879738396,8992-JQYUN
646,0,0.35097081169372346,6270-OMFIW
647,0,0.10733168956243419,6427-FEFIG
648,0,0.41035078857654234,8938-UMKPI
649,0,0.08544008089939333,0617-AQNWT
650,0,0.21939761729336568,0191-ZHSKZ
651,1,0.7295536258437069,6513-EECDB
652,1,0.6089461490070183,9734-YWGEX
653,0,0.4299908324261187,3269-ATYWD
654,0,0.2348693673404435,8089-UZWLX
655,0,0.04058154724325555,1494-EJZDW
656,1,0.5804213464414645,4706-DGAHW
657,1,0.5248037977257972,5669-SRAIP
658,0,0.45841359870117004,1902-XBTFB
659,1,0.5707213783185662,7321-PKUYW
660,0,0.2225848666359342,1394-SUIUH
661,0,0.46433479964134716,0531-ZZJWQ
662,0,0.28810980047029,7067-KSAZT
663,0,0.13172903157629562,5172-RKOCB
664,0,0.05571039578872277,9847-HNVGP
665,1,0.6001072194418409,2180-DXNEG
666,1,0.5328091337576505,5133-POWUA
667,1,0.5264011287203756,5995-SNNEW
668,0,0.0075699497611279335,7225-IILWY
669,0,0.4792114509216641,6817-WTYHE
670,0,0.182057447126693,0239-OXEXL
671,1,0.6634675717337278,4395-PZMSN
672,0,0.04871117563377675,7845-URHJN
673,0,0.369389999325931,4724-WXVWF
674,0,0.09419208169547985,3026-ATZYV
675,0,0.2927557259819158,6581-NQCBA
676,0,0.3695282476878735,5515-RUGKN
677,0,0.2644061609996006,5628-RKIFK
678,0,0.09751465356071186,2812-ENYMO
679,0,0.11854592397962901,9027-YFHQJ
680,0,0.10722936410913764,9225-BZLNZ
681,0,0.06904227144484236,3166-PNEOF
682,0,0.2981671704981356,8096-LOIST
683,0,0.4215195301858366,5606-AMZBO
684,0,0.15158592628367953,1442-OKRJE
685,1,0.6246547791942758,6689-TCZHQ
686,0,0.06124405661169887,7167-PCEYD
687,0,0.1456416813257814,3780-DDGSE
688,0,0.12161732252604768,2664-XJZNO
689,0,0.05964061119011085,8766-PAFNE
690,0,0.31533992862393334,5813-UECBU
691,0,0.49553417750154444,7252-NTGSS
692,1,0.6519976905912016,6015-VVHHE
693,0,0.03901574380453476,7103-ZGVNT
694,0,0.061003362261923925,1676-MQAOA
695,0,0.09567723023742923,9411-TPQQV
696,1,0.703409633000266,4529-CKBCL
697,0,0.11744652889774948,1697-BCSHV
698,0,0.443277778923527,4662-EKDPQ
699,0,0.23039178060844218,1855-CFULU
700,1,0.5312294417638629,3914-FDRHP
701,0,0.03229957374358738,5003-OKNNK
702,1,0.5813985181825287,3908-BLSYF
703,0,0.4077714897468207,2786-GCDPI
704,1,0.5964405527112773,7295-JOMMD
705,1,0.7466680439598194,9603-OAIHC
706,0,0.12504799022940447,2834-JKOOW
707,1,0.6275099306434954,8780-IXSTS
708,0,0.09203574005579566,4530-NDRKU
709,1,0.5313495367293605,1866-RZZQS
710,1,0.6599954380277774,3097-NQYSN
711,0,0.07446104389908953,0556-FJEGU
712,0,0.38885575383221543,7396-VJUZB
713,0,0.041373551330589384,1265-ZFOSD
714,0,0.1386434753084944,8548-AWOFC
715,0,0.12545131570690474,8663-UPDGF
716,1,0.5659454548077925,0940-OUQEC
717,0,0.04874709258606967,4716-MRVEN
718,0,0.17499824243955825,7989-AWGEH
719,1,0.7363474630624203,9728-FTTVZ
720,0,0.12482994438488017,1623-NLDOT
721,0,0.26827769110063576,9845-PEEKO
722,0,0.32903675914314584,8455-HIRAQ
723,1,0.6936466152191662,5919-TMRGD
724,0,0.065125463637361,5318-YKDPV
725,0,0.044967874870322194,4475-NVTLU
726,1,0.5255102136654891,1112-CUNAO
727,0,0.055767695681353494,3266-FTKHB
728,0,0.4832226834638812,4208-UFFGW
729,1,0.5306056631756967,1766-GKNMI
730,0,0.1469263461314724,0206-TBWLC
731,0,0.2639942038267044,1098-TDVUQ
732,0,0.34296239614540414,3524-WQDSG
733,0,0.019778279173758833,6855-VLGOS
734,0,0.061837613741701644,7609-NRNCA
735,0,0.23124391208743947,6686-YPGHK
736,0,0.31897870711339205,1360-JYXKQ
737,1,0.6239977697105661,6198-ZFIOJ
738,1,0.6210673562685016,6108-OQZDQ
739,1,0.5006938770674827,4521-YEEHE
740,1,0.6555960996170395,8972-HJWNV
741,0,0.09877760189829962,4115-BNPJY
742,0,0.3353470215369922,4013-GUXND
743,0,0.2685917016479139,2257-BOVXD
744,0,0.2039344425232614,9881-VCZEP
745,0,0.008993015987007372,0485-ZBSLN
746,1,0.6372416494011065,4770-UEZOX
747,0,0.19352552783413213,3209-ZPKFI
748,0,0.03363300325823391,7168-HDQHG
749,0,0.21245775264371752,6308-CQRBU
750,1,0.5476385325596635,8878-HMWBV
751,1,0.5298515580000748,0082-LDZUE
752,0,0.27952017278341257,9142-KZXOP
753,0,0.28269800165213144,7905-TVXTA
754,1,0.6131203600336989,1016-DJTSV
755,0,0.03024169454850544,1866-DIOQZ
756,1,0.724415300017499,0259-GBZSH
757,0,0.3077874684674539,5977-CKHON
758,0,0.12189130553797937,2270-CHBFN
759,1,0.6981831341649242,9878-TNQGW
760,0,0.189929822359836,0953-LGOVU
761,0,0.18629733802294624,6994-FGRHH
762,0,0.4595884936351638,3658-KIBGF
763,0,0.26848273349283597,2674-MLXMN
764,0,0.2239322746896121,0218-QNVAS
765,0,0.02672371820572353,9392-XBGTD
766,1,0.5426949594427383,9638-JIQYA
767,0,0.04728924187222353,0895-LNKRC
768,0,0.13216596576294973,0013-SMEOE
769,1,0.5616012978610326,1571-SAVHK
770,1,0.6951018580519259,7180-PISOG
771,0,0.20772733299087442,9360-AHGNL
772,0,0.09714934833941528,1154-HYWWO
773,0,0.4246804801431635,8544-GOQSH
774,0,0.1759790242338992,5089-IFSDP
775,0,0.006905827134043594,6928-ONTRW
776,0,0.29055640518271,8887-IPQNC
777,1,0.5443202398322391,0947-IDHRQ
778,0,0.19945302080932886,7566-DSRLQ
779,0,0.3203222017157058,7188-CBBBA
780,1,0.7619855549504579,8580-AECUZ
781,0,0.40543189817456193,0585-EGDDA
782,0,0.012200323462501344,5296-PSYVW
783,1,0.517564730489235,0135-NMXAP
784,0,0.24616421562846824,6710-HSJRD
785,0,0.14155982855357913,1729-VLAZJ
786,0,0.011850907993798274,7812-FZHPE
787,0,0.16480571771117905,5876-HZVZM
788,0,0.25681941720835727,5131-PONJI
789,0,0.05219712967045492,5726-CVNYA
790,0,0.10034828632435941,5863-OOKCL
791,1,0.6689990306484347,2982-IHMFT
792,0,0.19721569787441875,0595-ITUDF
793,0,0.4764950807609917,3957-LXOLK
794,1,0.5582876045275352,7668-XCFYV
795,0,0.28580537052129623,7593-JNWRU
796,0,0.3464645918980299,1396-QWFBJ
797,0,0.3130102632494168,3132-TVFDZ
798,0,0.015131098021021906,1839-FBNFR
799,1,0.600452423714557,8705-WZCYL
800,0,0.04474584596764654,6963-EZQEE
801,0,0.17485813745556597,1904-WAJAA
802,0,0.3400109159320306,3727-JEZTU
803,0,0.04375995375836429,1187-WILMM
804,0,0.16072617238021875,1229-RCALF
805,0,0.022180880573531122,1270-XKUCC
806,0,0.11309654595700921,9236-NDUCW
807,0,0.41876270078815375,4465-VDKIQ
808,0,0.38509211516544967,8008-HAWED
809,1,0.6690287382674146,7450-NWRTR
810,0,0.05299213629506656,6732-VAILE
811,0,0.08911045159719935,5575-GNVDE
812,1,0.5389215066862237,9752-ZNQUT
813,0,0.02701317888562899,3454-JFUBC
814,1,0.6480005227280027,6407-UTSLV
815,0,0.3556818078102226,6656-JWRQX
816,0,0.17524562186301346,4999-IEZLT
817,0,0.10144452912098759,0907-HQNTS
818,1,0.5027965888076382,7590-VHVEG
819,0,0.10772392749737071,1060-ENTOF
820,0,0.0067136783273413795,3457-PQBYH
821,0,0.1280611023815877,5619-XZZKR
822,0,0.10159152765204088,5555-RNPGT
823,0,0.035271944883925765,0780-XNZFN
824,0,0.4602063755369486,3374-LXDEV
825,0,0.29842053710321853,5133-VRSAB
826,0,0.15030182767765793,9388-ZEYVT
827,0,0.2653289345463276,9909-DFRJA
828,0,0.02743579461870685,8577-QSOCG
829,0,0.0747457590172725,2137-DQMEV
830,0,0.24710647914402184,4274-DRSQT
831,0,0.3206441018841785,2758-RNWXS
832,0,0.42575111675999966,5671-UUNXD
833,0,0.22917130846865313,0247-SLUJI
834,0,0.08668952898342935,9919-FZDED
835,0,0.09634605071580159,5840-NVDCG
836,0,0.07043460161772294,4521-WFJAI
837,0,0.05145904127718173,9860-LISIZ
838,0,0.36240727678333606,7734-DBOAI
839,0,0.0205548513362494,0057-QBUQH
840,0,0.48453023671785594,6298-QDFNH
841,0,0.010754465338319504,1757-TCATG
842,0,0.23585680824928018,6838-YAUVY
843,0,0.43240777728555,2369-FEVNO
844,0,0.2071401193903942,1169-WCVAK
845,0,0.06826070367988497,8559-CIZFV
846,0,0.06015317440628301,9068-VPWQQ
847,1,0.5025872864400482,6543-XRMYR
848,0,0.05943175827040545,8722-PRFDV
849,0,0.29338441680445987,6233-HXJMX
850,0,0.058242195472154694,9668-PUGNU
851,1,0.6809426714698903,7074-IEVOJ
852,0,0.04797971729948958,3506-OVLKD
853,0,0.48934968915705407,3992-YWPKO
854,0,0.17068169846207684,3128-YOVTD
855,0,0.4193393541141066,7389-KBFIT
856,0,0.376387404514276,4622-YNKIJ
857,0,0.022567569687521955,3778-FOAQW
858,0,0.04504353400084447,3146-JTQHR
859,0,0.3479056963983057,3945-GFWQL
860,0,0.4376521969299295,3987-KQDDU
861,0,0.35906752100553013,6243-OZGFH
862,1,0.7037671602261362,7817-BOQPW
863,0,0.3610446333980001,8388-FYNPZ
864,0,0.047595802204266784,4703-MQYKT
865,0,0.00905245499880192,3284-SVCRO
866,0,0.07436657149520634,8847-GEOOQ
867,0,0.08510275822082614,9581-GVBXT
868,0,0.11795015952304609,8350-NYMVI
869,1,0.523239204049813,6352-TWCAU
870,0,0.047385163108570744,8044-BGWPI
871,1,0.7357495321799888,5834-ASPWA
872,1,0.6065843764045836,5884-GCYMI
873,0,0.22080500399552824,7909-FIOIY
874,0,0.1174995440507115,7055-JCGNI
875,0,0.22894270223464275,1658-XUHBX
876,1,0.5120544386923205,5590-BYNII
877,0,0.036720860014322315,6518-PPLMZ
878,0,0.47161750016624515,9824-BEMCV
879,0,0.1633549752727947,1813-JYWTO
880,0,0.1972151778858841,4350-ZTLPI
881,1,0.6732556966077634,9507-EXLTT
882,0,0.1130383512579419,5766-XQXMQ
883,0,0.1457970396301299,0106-UGRDO
884,0,0.4311947076522471,4257-GAESD
885,1,0.5885990504918064,6683-VLCTZ
886,1,0.7580494336812075,0970-ETWGE
887,0,0.2592543302454937,8679-JOEVF
888,0,0.3320969000921645,4883-QICIH
889,0,0.0903958497282241,7156-MXBJE
890,1,0.7533424428767148,7216-EWTRS
891,1,0.6367972246465616,3370-HXOPH
892,0,0.31392445129546165,8963-JLGJT
893,1,0.6303932707257066,1602-IJQQE
894,0,0.29030338793645105,3791-LGQCY
895,0,0.21322214198424683,4255-DDUOU
896,0,0.03989616881037905,3487-EARAT
897,0,0.4667157980654915,2903-YYTBW
898,0,0.05477931802697553,5688-KZTSN
899,1,0.6334808797432824,4282-YMKNA
900,0,0.07983268020322704,8942-DBMHZ
901,0,0.048363174606227355,8097-OMULG
902,0,0.2842863868162494,5701-ZIKJE
903,0,0.22204168790314754,3144-KMTWZ
904,0,0.12102085484771559,4808-YNLEU
905,0,0.4272840913730691,2232-DMLXU
906,0,0.35981193917311005,1934-SJVJK
907,0,0.036213532686596404,8197-BFWVU
908,0,0.0781926963012725,5126-RCXYW
909,0,0.3928358031622616,5996-DAOQL
910,0,0.2461934937485535,0030-FNXPP
911,0,0.15284597816002896,4510-PYUSH
912,0,0.06568929952796287,6322-HRPFA
913,1,0.5202675492889527,2057-ZBLPD
914,0,0.30207706818126046,8329-GWVPJ
915,0,0.30604079385823285,3845-FXCYS
916,1,0.7879059041680166,9497-QCMMS
917,0,0.01423913880165685,1080-BWSYE
918,1,0.6611695421187163,5519-NPHVG
919,0,0.08089074466937583,5063-IUOKK
920,0,0.0064865729057381576,8450-LUGUK
921,1,0.6436378188051528,7613-LLQFO
922,1,0.7409438279044445,3158-MOERK
923,0,0.21243859350878103,0979-PHULV
924,0,0.05553124080827607,5680-LQOGP
925,0,0.3042409160832448,8620-RJPZN
926,0,0.04852890882150992,4390-KYULV
927,0,0.41369338538534683,1608-GMEWB
928,0,0.2962480898119368,3635-JBPSG
929,0,0.03240120291119109,5542-NKVRU
930,0,0.08932540726697426,7037-MTYVW
931,0,0.4762778405232046,9992-UJOEL
932,0,0.07126186079046008,2987-BJXIK
933,0,0.05174967322470058,0516-QREYC
934,1,0.6040521150774594,7693-LCKZL
935,0,0.4983464175201667,6486-LHTMA
936,0,0.1659363428505136,3419-SNJJD
937,0,0.021896972780926758,3967-VQOGC
938,1,0.6278233254152592,5348-CAGXB
939,0,0.2650663590564343,6625-UTXEW
940,0,0.0497313762457974,2667-WYLWJ
941,0,0.39875652700044717,9819-FBNSV
942,1,0.617847566756299,0519-XUZJU
943,0,0.3017360508245497,9821-BESNZ
944,0,0.23103787091301334,4986-MXSFP
945,0,0.10174273502409928,0191-EQUUH
946,0,0.29235725080252917,4660-IRIBM
947,0,0.3257583277705968,8095-WANWK
948,0,0.1621452836606197,9501-UKKNL
949,0,0.2574401285809457,9688-YGXVR
950,1,0.5465911211161429,1612-EOHDH
951,0,0.20063373399444143,5730-RIITO
952,0,0.04863551588531249,0208-BPQEJ
953,0,0.04457035561141401,1241-FPMOF
954,0,0.21056707276587136,1984-FCOWB
955,0,0.21918841488435883,7041-TXQJH
956,0,0.20314738329230764,4853-RULSV
957,0,0.11123269896532575,7253-UVNDW
958,0,0.43580969029032457,3536-IQCTX
959,0,0.32351576136653876,9943-VSZUV
960,0,0.1844016585163633,9089-UOWJG
961,0,0.30081319528651784,2452-KDRRH
962,1,0.6212471112968945,7598-UAASY
963,0,0.06466787151862685,5130-YPIRV
964,0,0.354665503709938,8429-XIBUM
965,0,0.11343736165593288,5702-SKUOB
966,1,0.7222507194978439,3716-BDVDB
967,0,0.4736542596795974,8665-UTDHZ
968,0,0.1364179069991989,7841-FCRQD
969,0,0.0789150934146646,4903-UYAVB
970,0,0.07440220730238886,5129-HHMZC
971,0,0.4273548297351171,6458-CYIDZ
972,0,0.04221018984392746,9073-ZZIAY
973,0,0.4252654242096731,3404-JNXAX
974,0,0.3186193316116981,6121-VZNQB
975,1,0.5221853506857856,3672-YITQD
976,0,0.2139382495469507,6505-OZNPG
977,0,0.12586776896485738,0289-IVARM
978,0,0.04319362529853601,0164-XAIRP
979,0,0.4518283933218874,7284-BUYEC
980,0,0.09298545880424042,2516-XSJKX
981,0,0.08408249329021017,8138-EALND
982,0,0.25524681077047395,6288-LBEAR
983,1,0.5270989182744795,3858-VOBET
984,0,0.057700958722036226,8316-BBQAY
985,1,0.617847566756299,8040-MNRTF
986,0,0.09171612927633382,8731-WBBMB
987,1,0.5447162195524092,3627-FCRDW
988,0,0.06068472664270158,7139-JZFVG
989,0,0.36521499905560567,8167-GJLRN
990,0,0.49288310326513085,7890-VYYWG
991,0,0.13446714261863588,9386-LDCZR
992,0,0.2665616865621747,4950-BDEUX
993,0,0.05096489685580735,3902-MIVLE
994,0,0.08703470211691036,1139-WUOAH
995,0,0.05695561093305329,5986-WWXDV
996,1,0.5097017439274061,4815-GBTCD
997,0,0.05588160045872322,3549-ZTMNH
998,0,0.017023420720152248,4884-LEVMQ
999,1,0.6191072434706405,5419-CONWX
1000,0,0.0890585681922355,8612-GXIDD
1001,1,0.5266089136204976,4412-YLTKF
1002,0,0.049725862028561815,0559-CKHUS
1003,1,0.7437909674340942,2004-OCQXK
1004,0,0.05623981758816595,5707-ZMDJP
1005,0,0.1028643997171238,6904-JLBGY
1006,0,0.017927032096810146,3678-MNGZX
1007,0,0.007406015334898426,9838-BFCQT
1008,0,0.026839247107882876,1951-IEYXM
1009,0,0.3785559251626086,0895-DQHEW
1010,1,0.5062625019705114,3439-GVUSX
1011,0,0.032885996595314125,6253-GNHWH
1012,0,0.3709720543577378,2346-DJQTB
1013,0,0.004156589559324462,5968-HYJRZ
1014,0,0.21656539877002812,3645-DEYGF
1015,0,0.4095204619236587,1346-UFHAX
1016,0,0.08193000721857413,3500-NSDOA
1017,0,0.19944826825314796,3733-UOCWF
1018,0,0.1009930986915251,4304-TSPVK
1019,0,0.07516960543879618,0128-MKWSG
1020,0,0.12286235121629152,2361-FJWNO
1021,0,0.34260367260175023,3785-NRHYR
1022,0,0.059832387942699086,6419-ZTTLE
1023,1,0.5589295268814097,2831-EBWRN
1024,0,0.20521183533159637,4439-YRNVD
1025,0,0.12389064362516303,1150-FTQGN
1026,0,0.07375684533303814,0567-XRHCU
1027,0,0.08855053328782589,8659-HDIYE
1028,0,0.018607056155332515,1561-BWHIN
1029,0,0.006457246184153493,1657-DYMBM
1030,0,0.033908545529909746,3398-GCPMU
1031,0,0.29128004320510525,6849-OYAMU
1032,0,0.3704298989122595,5906-BFOZT
1033,0,0.09204760441835179,1237-WIYYZ
1034,1,0.5294594839007551,4385-GZQXV
1035,0,0.34764199296789255,2592-YKDIF
1036,0,0.33201972228495114,2974-GGUXS
1037,0,0.10130094537909756,2188-SXWVT
1038,0,0.38647919683655746,7989-CHGTL
1039,0,0.16461884512652497,2988-QRAJY
1040,1,0.6659638706272152,9399-APLBT
1041,0,0.0983132650922267,9637-CDTKZ
1042,0,0.35823021938566696,7055-HNEOJ
1043,0,0.26295075174748317,2378-HTWFW
1044,0,0.15799495339462166,0164-APGRB
1045,0,0.09190701240781053,5499-ECUTN
1046,0,0.13827055568421107,9618-LFJRU
1047,0,0.08361213850213518,4139-SUGLD
1048,0,0.01928738655227995,3070-FNFZQ
1049,1,0.7092218326712512,2777-PHDEI
1050,0,0.3361899642005857,2842-BCQGE
1051,0,0.09501496627780756,6901-GOGZG
1052,0,0.020860796720180236,2984-RGEYA
1053,0,0.28260972641075394,2530-ENDWQ
1054,0,0.2028082641746674,8671-KKKOS
1055,0,0.024662549246755993,8148-NLEGT
1056,0,0.03720370541072823,1897-OKVMW
1057,0,0.25165564059568785,4816-OKWNX
1058,0,0.04397336659542235,4182-BGSIQ
1059,1,0.6305768701606338,6376-GAHQE
1060,0,0.48470876822797365,8260-NGFNY
1061,0,0.4427234090127727,8229-TNIQA
1062,0,0.005287299790078382,2236-HILPA
1063,0,0.15387624482164952,0248-PGHBZ
1064,0,0.410464215410017,0804-XBFBV
1065,0,0.3402107181791193,0369-ZGOVK
1066,1,0.50294524247748,7901-HXJVA
1067,0,0.39614092958686803,2235-ZGKPT
1068,0,0.01020245499880192,3913-RDSJZ
1069,1,0.555732270931993,9643-AVVWI
1070,0,0.36055484739169485,8149-AIQCG
1071,0,0.020892073663790915,8922-NPKBJ
1072,0,0.16922451775772,4576-CSAJH
1073,0,0.16351485588325906,1121-QSIVB
1074,0,0.008154232156713395,3712-PKXZA
1075,0,0.014492294699504915,4707-YNOQA
1076,0,0.02158437570516479,4361-FEBGN
1077,1,0.7409539204967537,0318-QUUOB
1078,0,0.2473362091637572,6576-FBXOJ
1079,0,0.25876728035078855,2479-BRAMR
1080,0,0.03259640208553683,3752-CQSJI
1081,0,0.019035524073192735,6345-FZOQH
1082,1,0.5039532780293438,7270-BDIOA
1083,1,0.6961954350189505,8593-WHYHV
1084,0,0.03825953923863233,5372-FBKBN
1085,0,0.4444231305618056,4030-VPZBD
1086,1,0.579946590964674,6772-KSATR
1087,0,0.12069001100762958,0068-FIGTF
1088,0,0.0456137174585696,6080-LNESI
1089,0,0.02437634868134687,1705-GUHPV
1090,0,0.04663178908565658,4227-OJHAL
1091,0,0.2146825569512919,0835-JKADZ
1092,0,0.029319721599356332,3785-KTYSH
1093,0,0.16732342429887873,9114-AAFQH
1094,0,0.13883010505006355,7605-SNLQG
1095,0,0.28138468148701173,3062-ICYZQ
1096,0,0.11742647995228823,7445-WMRBW
1097,0,0.07479998889276387,9530-GRMJG
1098,0,0.2745497452809269,1205-WNWPJ
1099,1,0.5820850974725995,8413-VONUO
1100,0,0.12070059679587272,6434-TTGJP
1101,0,0.23918374211925164,6728-DKUCO
1102,1,0.6359001360998353,2516-VQRRV
1103,1,0.5578944667351514,7315-WYOAW
1104,0,0.39085838484898694,7501-VTYLJ
1105,0,0.011670718710524138,2749-CTKAJ
1106,0,0.03134421041559207,5248-YGIJN
1107,0,0.35308623333825784,2178-PMGCJ
1108,1,0.5698232196297146,9314-IJWSQ
1109,0,0.15250817735087574,4338-EYCER
1110,0,0.2720056360617848,7109-MFBYV
1111,1,0.6930637637605289,3318-NMQXL
1112,0,0.14352247242532312,0186-CAERR
1113,0,0.43400722391235,4860-IJUDE
1114,0,0.07899064573962249,3308-JSGML
1115,0,0.32243404146141524,9530-EHPOH
1116,0,0.19332870824002868,6305-YLBMM
1117,0,0.1558704774091081,3230-WYKIR
1118,0,0.15616386526119264,9945-PSVIP
1119,0,0.1322539194118921,7721-JXEAW
1120,1,0.6700188308763997,3727-RJMEO
1121,0,0.03686206061357391,2230-XTUWL
1122,0,0.16782274243302553,5084-OOVCJ
1123,1,0.5899008937594307,8270-RKSAP
1124,1,0.5520691967328427,8584-KMVXD
1125,0,0.44546730673702706,5842-POCOP
1126,0,0.050089102746384666,2805-AUFQN
1127,0,0.4652939895714007,7312-XSBAT
1128,1,0.5542823289212625,4983-CCWMC
1129,0,0.005967092386257637,0804-YGEQV
1130,0,0.023747119226469212,1709-EJDOX
1131,0,0.38204407338383634,2277-DJJDL
1132,0,0.29612148148017065,9470-XCCEM
1133,0,0.17947492840580392,3224-DFQNQ
1134,1,0.592510242381487,7517-LDMPS
1135,0,0.16444733909962192,8668-KNZTI
1136,0,0.08636144062334837,8207-DMRVL
1137,1,0.5944554285914755,6275-YDUVO
1138,0,0.23574926214858052,0550-DCXLH
1139,0,0.04736535192623736,4365-MSDYN
1140,0,0.15953345052218557,9863-JZAIC
1141,0,0.05896911243190989,7197-VOJMM
1142,1,0.6218442544388048,1084-UQCHV
1143,0,0.44714786982669097,9279-CJEOJ
1144,0,0.09872024666538019,0112-QWPNC
1145,1,0.6078166611657267,9095-HFAFX
1146,0,0.0371289342863483,8873-TMKGR
1147,1,0.6346989890817638,2862-PFNIK
1148,0,0.03696523818547518,7996-BPXHY
1149,0,0.06737965598970286,3399-BMLVW
1150,0,0.37348241844471614,9128-CPXKI
1151,0,0.23843417960406568,5828-DWPIL
1152,1,0.5622398247712348,7969-AULMZ
1153,0,0.45559645674869115,2603-HVKCG
1154,0,0.2634384153862513,0909-SDHNU
1155,0,0.18164081342352856,9170-CCKOU
1156,0,0.2621857866934627,4080-OGPJL
1157,0,0.37916810506348625,7623-TRNQN
1158,0,0.3789218346281406,6629-LADHQ
1159,0,0.004156589559324462,4652-ODEVH
1160,0,0.2204232897730933,9862-KJTYK
1161,0,0.47709334209733184,3934-HXCFZ
1162,0,0.3401903601891823,4419-UJMUS
1163,0,0.07675778222325415,7336-RLLRH
1164,0,0.08269980158250416,3649-JPUGY
1165,0,0.4849148306621629,6599-GZWCM
1166,0,0.31604203880690895,1564-HJUVY
1167,0,0.09376086084352812,9199-PWQVC
1168,0,0.015157291590097245,7606-BPHHN
1169,0,0.495402894675596,4317-VTEOA
1170,0,0.07598422743518964,3061-BCKYI
1171,0,0.31542017210951956,7716-YTYHG
1172,0,0.04467788834897166,3352-RICWQ
1173,0,0.35019174381393015,0295-QVKPB
1174,0,0.022145408303879774,1764-VUUMT
1175,0,0.22047127730063917,5989-OMNJE
1176,0,0.370459180098735,3247-MHJKM
1177,0,0.13817670099834525,9972-NKTFD
1178,0,0.33812974568141824,2359-KLTEK
1179,1,0.712240724427823,9231-ZJYAM
1180,0,0.2346941575736154,4829-ZLJTK
1181,0,0.298605477612173,1047-NNCBF
1182,0,0.18149154690196226,6465-GSRCL
1183,1,0.5009961107788148,8286-AFUYI
1184,0,0.24345134301629254,3092-IGHWF
1185,0,0.35648410082205517,0541-FITGH
1186,0,0.34394670709941016,2203-GHNWN
1187,0,0.2674668154813502,7954-MLBUN
1188,0,0.4118426109395251,2675-DHUTR
1189,0,0.2175817852202072,7824-PANSQ
1190,0,0.44439825386661674,8805-JNRAZ
1191,1,0.6431133800547582,0390-DCFDQ
1192,0,0.46140815113266626,3923-CSIHK
1193,0,0.15637475407449983,9570-KYEUA
1194,1,0.6148682724691366,1075-BGWOH
1195,0,0.08247449714029143,6490-FGZAT
1196,0,0.18733808505506302,1921-KYSAY
1197,0,0.20073544305703364,6732-FZUGP
1198,0,0.24230201813016233,1877-HKBQX
1199,0,0.35150431834597945,9822-WMWVG
1200,0,0.23973844551478252,0877-SDMBN
1201,0,0.1537523173193226,7672-VFMXZ
1202,0,0.12344923838803921,4926-UMJZD
1203,0,0.07797739132620557,4877-TSOFF
1204,0,0.07468089850933467,9391-TTOYH
1205,1,0.7185370340030931,6653-CBBOM
1206,0,0.22052242245048315,7551-DACSP
1207,1,0.5861639949414791,0219-YTZUE
1208,0,0.2768572033567505,0929-PECLO
1209,1,0.574822500262817,9506-UXUSK
1210,1,0.5860030163426023,7394-FKDNK
1211,1,0.5386840395789009,3797-FKOGQ
1212,0,0.32184698680432794,5600-PDUJF
1213,1,0.5403066403014538,6507-ZJSUR
1214,0,0.03527795404359488,5539-HIVAK
1215,0,0.07157988156619728,6848-YLDFR
1216,0,0.31762296912349447,4446-BZKHU
1217,0,0.09562333403156224,0447-BEMNG
1218,0,0.048957663689674365,3813-DHBBB
1219,0,0.26325562404302566,7742-MYPGI
1220,0,0.04497000632920986,2274-XUATA
1221,0,0.3306228023510649,6652-YFFJO
1222,0,0.10178113618329707,5012-YSPJJ
1223,0,0.17267733075971411,2931-SVLTV
1224,0,0.08063272961329844,6463-MVYRY
1225,1,0.6199543454037473,6435-SRWBJ
1226,0,0.48534400382813203,6906-ANDWJ
1227,0,0.029459913458001374,4625-XMOYM
1228,0,0.10645614929897264,8963-MQVYN
1229,0,0.15905246637761858,1891-QRQSA
1230,0,0.28582395467517796,3090-LETTY
1231,0,0.16687949390413098,1376-HHBDV
1232,0,0.15120500822844543,7771-ZONAT
1233,0,0.02600797394281429,0608-JDVEC
1234,0,0.1509203795940694,2925-MXLSX
1235,0,0.04723654895929484,6374-AFWOX
1236,0,0.17000233504413478,1125-SNVCK
1237,0,0.01028056948459488,6762-NSODU
1238,0,0.008248000802174032,3373-DIUUN
1239,0,0.04928927412998922,4102-HLENU
1240,0,0.34901321261490337,3346-BRMIS
1241,0,0.004738301479438909,4302-ZYFEL
1242,0,0.34477312309256847,5204-QZXPU
1243,0,0.48077143076189005,9588-OZDMQ
1244,0,0.11775121864703159,3714-XPXBW
1245,0,0.32033122509153095,5766-ZJYBB
1246,0,0.41764319590640625,0637-YLETY
1247,0,0.3834918533640693,1142-WACZW
1248,1,0.6414318336809646,2276-YDAVZ
1249,1,0.7502218493330488,4988-IQIGL
1250,0,0.08387782202113461,4083-EUGRJ
1251,0,0.11539004355432864,2805-EDJPQ
1252,0,0.1504079518155054,9402-ROUMJ
1253,0,0.36941391892846803,0431-APWVY
1254,0,0.1054396254591709,5944-UGLLK
1255,0,0.31835843308416395,5397-TUPSH
1256,1,0.7520171616953715,3551-HUAZH
1257,0,0.13557416964894745,9774-NRNAU
1258,0,0.3817054484570013,9505-SQFSW
1259,0,0.0959228847846922,9817-APLHW
1260,0,0.49931884873946336,1513-XNPPH
1261,0,0.24979630049389825,3733-ZEECP
1262,0,0.38530127443796075,2697-NQBPF
1263,0,0.055660732200936716,3623-FQBOX
1264,0,0.011292446380994975,9805-FILKB
1265,0,0.23843648170988904,7228-PAQPD
1266,0,0.10441304161602195,0757-WCUUZ
1267,0,0.09704688830576227,4111-BNXIF
1268,0,0.49788129921932656,6198-RTPMF
1269,0,0.11256131867478407,0930-EHUZA
1270,0,0.20136087410324296,7526-IVLYU
1271,1,0.5641899339584855,3452-GWUIN
1272,0,0.13361652909216606,8400-WZICQ
1273,0,0.046442596440479995,4254-QPEDE
1274,0,0.11095403970280891,1023-BQXZE
1275,0,0.24275453922156337,5161-XEUVX
1276,0,0.25393030119244686,4250-WAROZ
1277,0,0.3415230094754008,4423-YLHDV
1278,0,0.03187914169758652,9424-CMPOG
1279,0,0.33014899420216354,0742-MOABM
1280,0,0.049514080064266955,7706-DZNKK
1281,0,0.006903782179001367,2729-VNVAP
1282,0,0.41184942493143906,8404-GFGCZ
1283,0,0.0517167459095658,4335-UPJSI
1284,1,0.5447919110454477,4367-NHWMM
1285,1,0.5336652831145187,8630-FJLIB
1286,0,0.03041879123092786,8780-RSYYU
1287,1,0.5391899027780033,6899-PPEEA
1288,0,0.03857029889693641,0774-RMNUW
1289,0,0.3113329970572246,1965-DDBWU
1290,0,0.06623471456581419,3212-KXOCR
1291,0,0.14661378624788526,0409-WTMPL
1292,0,0.3662664790388495,0867-MKZVY
1293,0,0.2777686249638353,7814-LEEVE
1294,0,0.15078754287920923,7883-ROJOC
1295,0,0.029496974101318366,4825-FUREZ
1296,0,0.1753215041675114,5325-UWTWJ
1297,0,0.23167049552994814,3629-WEAAM
1298,0,0.27278323573159624,3345-PBBFH
1299,1,0.6365408957157894,3030-YDNRM
1300,0,0.45506333852472997,2722-JMONI
1301,0,0.34776471911100765,4690-LLKUA
1302,0,0.12740232825768108,4318-RAJVY
1303,0,0.33231485097835745,5371-VYLSX
1304,0,0.3896561246760225,7529-ZDFXI
1305,0,0.1268852736122867,0661-WCQNQ
1306,0,0.3815426449506954,7103-IPXPJ
1307,0,0.49349768123994897,3640-PHQXK
1308,0,0.18594127787192385,9101-NTIXF
1309,0,0.19694136663723705,2475-MROZF
1310,1,0.7095377579527322,8414-MYSHR
1311,0,0.02963791753779279,6087-YPWHO
1312,0,0.13081637246481218,2495-TTHBQ
1313,0,0.3959114369066297,8982-NHAVY
1314,0,0.18059582648614012,3280-MRDOF
1315,1,0.515675024512337,2209-XADXF
1316,0,0.38660070283485665,3569-EDBPQ
1317,0,0.17550343081223208,7654-YWJUF
1318,0,0.18474599917513326,2542-HYGIQ
1319,0,0.10236504191683334,6094-ZIVKX
1320,0,0.03253600184190156,3508-VLHCZ
1321,0,0.29690846675232985,2115-BFTIW
1322,1,0.6513910271997218,1925-TIBLE
1323,0,0.025044061602498852,7319-ZNRTR
1324,1,0.5919236390569124,0224-RLWWD
1325,0,0.3755853697304829,4588-YBNIB
1326,0,0.1040398748134013,2223-GDSHL
1327,1,0.6779198781506801,6910-HADCM
1328,0,0.4466040286249202,0921-OHLVP
1329,0,0.08055981486994027,8819-WFGGJ
1330,1,0.5682597261937865,3106-ULWFW
1331,0,0.13255077784115327,9018-PCIOK
1332,0,0.1461891591203458,6211-WWLTF
1333,0,0.17432741043494246,2684-EIWEO
1334,0,0.3597025150010619,8450-UYIBU
1335,0,0.2301533822337202,6791-YBNAK
1336,1,0.5269789069546023,3254-YRILK
1337,0,0.017467338360716112,4698-KVLLG
1338,0,0.012684679615910252,7608-RGIRO
1339,0,0.21559949958918292,8547-NSBBO
1340,0,0.17815708509662606,7241-AJHFS
1341,0,0.09678068989394584,7995-ZHHNZ
1342,0,0.16865508831338705,4710-NKCAW
1343,0,0.4556916578185508,6542-LWGXJ
1344,1,0.5904639155170052,1626-ERCMM
1345,1,0.5238143136656694,9208-OLGAQ
1346,0,0.10039924180269635,4369-NYSCF
1347,0,0.20734029284747613,2722-VOJQL
1348,0,0.027993920289370665,3682-YEUWS
1349,0,0.08010169955430595,5018-HEKFO
1350,0,0.1793387737598307,0810-BDHAW
1351,0,0.21679224505903305,3803-KMQFW
1352,1,0.6787076377471668,1455-UGQVH
1353,0,0.04092615927047188,7601-DHFWZ
1354,0,0.11359217664036965,3719-TDVQB
1355,0,0.17287983949167543,1042-HFUCW
1356,1,0.5426632184360465,7786-WBJYI
1357,0,0.28461029507001195,3023-GFLBR
1358,0,0.0038576171807310432,7711-GQBZC
1359,0,0.135396743671153,2091-MJTFX
1360,1,0.5241753479708156,4847-QNOKA
1361,0,0.20615180372455083,8220-OCUFY
1362,1,0.6226130989111828,2379-ENZGV
1363,1,0.509494102608794,5759-RCVCB
1364,0,0.46747912834617866,0221-WMXNQ
1365,0,0.35920428699094825,9600-UDOPK
1366,0,0.0444739727966588,5148-ORICT
1367,0,0.4503553818411556,6235-VDHOM
1368,1,0.5618669338015782,2674-MIAHT
1369,0,0.010734427585761137,3129-AAQOU
1370,0,0.270413554222688,0013-MHZWF
1371,0,0.19590347945855263,5887-IKKYO
1372,0,0.3641264598624322,9732-EQMWY
1373,1,0.5814024732760432,8337-MSSXB
1374,0,0.07888951017389016,0602-DDUML
1375,0,0.48195167985422566,8868-WOZGU
1376,0,0.24052534204663678,3197-NNYNB
1377,0,0.07667443894998817,4508-OEBEY
1378,1,0.5102870958198433,8397-MVTAZ
1379,0,0.028639241247117544,8966-SNIZF
1380,0,0.10423927067302909,6508-NJYRO
1381,0,0.12127506334438115,5062-CJJKH
1382,1,0.5238155219640387,7663-RGWBC
1383,0,0.20525178233446284,3195-TQDZX
1384,1,0.5256742077508049,5649-ANRML
1385,0,0.139692095200056,8033-ATFAS
1386,0,0.16472980725808864,9770-KXGQU
1387,0,0.29700645455449903,0623-IIHUG
1388,0,0.121927827450115,4598-ZADCK
1389,0,0.0749661856068058,3108-PCCGG
1390,0,0.31659367177540887,6769-DYBQN
1391,0,0.14185954728315042,1337-BOZWO
1392,0,0.05136970822543164,7925-PNRGI
1393,0,0.17203081182564223,1768-HNVGJ
1394,0,0.3561425044248842,2823-LKABH
1395,0,0.08945557340042447,7233-IOQNP
1396,0,0.2597000203727251,2731-GJRDG
1397,1,0.5878195976447028,4441-NIHPT
1398,0,0.08422918629220588,3882-IYOIJ
1399,0,0.30567791762986807,8563-IIOXK
1400,0,0.30912504561787424,1217-VASWC
1401,0,0.06933129647263717,6447-EGDIV
1402,0,0.027840719803348266,9361-YNQWJ
1403,0,0.3443165400782116,4393-RYCRE
1404,0,0.3395958657893462,1597-FZREH
1405,1,0.5298515580000748,9117-SHLZX
1406,0,0.044154298914055735,8441-SHIPE
1407,0,0.06559866015420998,3511-BFTJW
1408,1,0.6040535691351056,1428-GTBJJ
